toc_file,section,title,repo_path,derived_url,exl_url,match_method,http_status
,,,code-of-conduct.md,,,unmapped,unmapped
,,,contributing.md,,,unmapped,unmapped
,,,help/cja-main/TOC.md,,,unmapped,unmapped
,,,help/cja-main/adobe-product-analytics/adobe-product-analytics-overview.md,https://experienceleague.adobe.com/en/docs/analytics-platform/using/adobe-product-analytics/adobe-product-analytics-overview,https://experienceleague.adobe.com/en/docs/analytics-platform/using/adobe-product-analytics/adobe-product-analytics-overview,toc_slug_match,dead
,,,help/cja-main/analysis-workspace/annotations/create-an-annotation.md,https://experienceleague.adobe.com/en/docs/analytics-platform/using/cja-workspace/annotations/create-an-annotation,https://experienceleague.adobe.com/en/docs/analytics-platform/using/cja-workspace/annotations/create-an-annotation,toc_slug_match,dead
,,,help/cja-main/analysis-workspace/curate-and-share/share-with-anyone-in-analysis-workspace.md,https://experienceleague.adobe.com/en/docs/analytics-platform/using/cja-workspace/export/share-with-anyone-in-analysis-workspace,https://experienceleague.adobe.com/en/docs/analytics-platform/using/cja-workspace/export/share-with-anyone-in-analysis-workspace,toc_slug_match,dead
,,,help/cja-main/analysis-workspace/panels/add-components-to-the-freeform-panel.md,https://experienceleague.adobe.com/en/docs/analytics-platform/using/cja-workspace/panels/add-components-to-the-freeform-panel,https://experienceleague.adobe.com/en/docs/analytics-platform/using/cja-workspace/panels/add-components-to-the-freeform-panel,toc_slug_match,dead
,,,help/cja-main/analysis-workspace/panels/build-the-attribution-panel.md,https://experienceleague.adobe.com/en/docs/analytics-platform/using/cja-workspace/panels/build-the-attribution-panel,https://experienceleague.adobe.com/en/docs/analytics-platform/using/cja-workspace/panels/build-the-attribution-panel,toc_slug_match,dead
,,,help/cja-main/analysis-workspace/panels/configure-next-previous-item-panel.md,https://experienceleague.adobe.com/en/docs/analytics-platform/using/cja-workspace/panels/configure-next-previous-item-panel,https://experienceleague.adobe.com/en/docs/analytics-platform/using/cja-workspace/panels/configure-next-previous-item-panel,toc_slug_match,dead
,,,help/cja-main/analysis-workspace/panels/use-the-experimentation-panel.md,https://experienceleague.adobe.com/en/docs/analytics-platform/using/cja-workspace/panels/use-the-experimentation-panel,https://experienceleague.adobe.com/en/docs/analytics-platform/using/cja-workspace/panels/use-the-experimentation-panel,toc_slug_match,dead
,,,help/cja-main/analysis-workspace/panels/use-the-quick-insights-panel.md,https://experienceleague.adobe.com/en/docs/analytics-platform/using/cja-workspace/panels/use-the-quick-insights-panel,https://experienceleague.adobe.com/en/docs/analytics-platform/using/cja-workspace/panels/use-the-quick-insights-panel,toc_slug_match,dead
,,,help/cja-main/analysis-workspace/templates/create-custom-templates.md,https://experienceleague.adobe.com/en/docs/analytics-platform/using/cja-workspace/templates/create-custom-templates,https://experienceleague.adobe.com/en/docs/analytics-platform/using/cja-workspace/templates/create-custom-templates,toc_slug_match,dead
,,,help/cja-main/analysis-workspace/templates/use-templates.md,https://experienceleague.adobe.com/en/docs/analytics-platform/using/cja-workspace/templates/use-templates,https://experienceleague.adobe.com/en/docs/analytics-platform/using/cja-workspace/templates/use-templates,derived,live
,,,help/cja-main/analysis-workspace/tips-and-tricks/dynamic-drop-downs.md,https://experienceleague.adobe.com/en/docs/analytics-platform/using/cja-workspace/tips-and-tricks/dynamic-drop-downs,https://experienceleague.adobe.com/en/docs/analytics-platform/using/cja-workspace/tips-and-tricks/dynamic-drop-downs,toc_slug_match,dead
,,,help/cja-main/analysis-workspace/visualizations/add-area-visualizations.md,https://experienceleague.adobe.com/en/docs/analytics-platform/using/cja-workspace/visualizations/add-area-visualizations,https://experienceleague.adobe.com/en/docs/analytics-platform/using/cja-workspace/visualizations/add-area-visualizations,toc_slug_match,dead
,,,help/cja-main/analysis-workspace/visualizations/add-bar-visualizations.md,https://experienceleague.adobe.com/en/docs/analytics-platform/using/cja-workspace/visualizations/add-bar-visualizations,https://experienceleague.adobe.com/en/docs/analytics-platform/using/cja-workspace/visualizations/add-bar-visualizations,toc_slug_match,dead
,,,help/cja-main/analysis-workspace/visualizations/add-bullet-graph-visualizations.md,https://experienceleague.adobe.com/en/docs/analytics-platform/using/cja-workspace/visualizations/add-bullet-graph-visualizations,https://experienceleague.adobe.com/en/docs/analytics-platform/using/cja-workspace/visualizations/add-bullet-graph-visualizations,toc_slug_match,dead
,,,help/cja-main/analysis-workspace/visualizations/add-donut-visualizations.md,https://experienceleague.adobe.com/en/docs/analytics-platform/using/cja-workspace/visualizations/add-donut-visualizations,https://experienceleague.adobe.com/en/docs/analytics-platform/using/cja-workspace/visualizations/add-donut-visualizations,toc_slug_match,dead
,,,help/cja-main/analysis-workspace/visualizations/add-line-visualizations.md,https://experienceleague.adobe.com/en/docs/analytics-platform/using/cja-workspace/visualizations/add-line-visualizations,https://experienceleague.adobe.com/en/docs/analytics-platform/using/cja-workspace/visualizations/add-line-visualizations,toc_slug_match,dead
,,,help/cja-main/analysis-workspace/visualizations/add-text-visualizations.md,https://experienceleague.adobe.com/en/docs/analytics-platform/using/cja-workspace/visualizations/add-text-visualizations,https://experienceleague.adobe.com/en/docs/analytics-platform/using/cja-workspace/visualizations/add-text-visualizations,toc_slug_match,dead
,,,help/cja-main/analysis-workspace/visualizations/add-treemap-visualizations.md,https://experienceleague.adobe.com/en/docs/analytics-platform/using/cja-workspace/visualizations/add-treemap-visualizations,https://experienceleague.adobe.com/en/docs/analytics-platform/using/cja-workspace/visualizations/add-treemap-visualizations,toc_slug_match,dead
,,,help/cja-main/analysis-workspace/visualizations/configure-and-use-the-map-visualization.md,https://experienceleague.adobe.com/en/docs/analytics-platform/using/cja-workspace/visualizations/configure-and-use-the-map-visualization,https://experienceleague.adobe.com/en/docs/analytics-platform/using/cja-workspace/visualizations/configure-and-use-the-map-visualization,toc_slug_match,dead
,,,help/cja-main/analysis-workspace/visualizations/create-stacked-visualizations.md,https://experienceleague.adobe.com/en/docs/analytics-platform/using/cja-workspace/visualizations/create-stacked-visualizations,https://experienceleague.adobe.com/en/docs/analytics-platform/using/cja-workspace/visualizations/create-stacked-visualizations,toc_slug_match,dead
,,,help/cja-main/analysis-workspace/visualizations/creating-cross-channel-visualizations-in-customer-journey-analytics.md,https://experienceleague.adobe.com/en/docs/analytics-platform/using/cja-workspace/visualizations/creating-cross-channel-visualizations,https://experienceleague.adobe.com/en/docs/analytics-platform/using/cja-workspace/visualizations/creating-cross-channel-visualizations,toc_slug_match,dead
,,,help/cja-main/analysis-workspace/visualizations/cross-channel-attribution-in-customer-journey-analytics.md,https://experienceleague.adobe.com/en/docs/analytics-platform/using/cja-workspace/visualizations/cross-channel-attribution,https://experienceleague.adobe.com/en/docs/analytics-platform/using/cja-workspace/visualizations/cross-channel-attribution,toc_slug_match,dead
,,,help/cja-main/analysis-workspace/visualizations/forecasting.md,https://experienceleague.adobe.com/en/docs/analytics-platform/using/cja-workspace/visualizations/forecasting,https://experienceleague.adobe.com/en/docs/analytics-platform/using/cja-workspace/visualizations/forecasting,toc_slug_match,dead
,,,help/cja-main/analysis-workspace/visualizations/intelligent-captions.md,https://experienceleague.adobe.com/en/docs/analytics-platform/using/cja-workspace/visualizations/intelligent-captions,https://experienceleague.adobe.com/en/docs/analytics-platform/using/cja-workspace/visualizations/intelligent-captions,derived,live
,,,help/cja-main/analysis-workspace/visualizations/use-scatterplot-visualizations.md,https://experienceleague.adobe.com/en/docs/analytics-platform/using/cja-workspace/visualizations/use-scatterplot-visualizations,https://experienceleague.adobe.com/en/docs/analytics-platform/using/cja-workspace/visualizations/use-scatterplot-visualizations,toc_slug_match,dead
,,,help/cja-main/analysis-workspace/visualizations/use-summary-visualizations.md,https://experienceleague.adobe.com/en/docs/analytics-platform/using/cja-workspace/visualizations/use-summary-visualizations,https://experienceleague.adobe.com/en/docs/analytics-platform/using/cja-workspace/visualizations/use-summary-visualizations,toc_slug_match,dead
,,,help/cja-main/analysis-workspace/workspace-projects/analysis-workspace-overview.md,https://experienceleague.adobe.com/en/docs/analytics-platform/using/cja-workspace/workspace-projects/analysis-workspace-overview,https://experienceleague.adobe.com/en/docs/analytics-platform/using/cja-workspace/workspace-projects/analysis-workspace-overview,toc_slug_match,dead
,,,help/cja-main/analysis-workspace/workspace-projects/analysis-workspace-templates.md,https://experienceleague.adobe.com/en/docs/analytics-platform/using/cja-workspace/workspace-projects/analysis-workspace-templates,https://experienceleague.adobe.com/en/docs/analytics-platform/using/cja-workspace/workspace-projects/analysis-workspace-templates,toc_slug_match,dead
,,,help/cja-main/analysis-workspace/workspace-projects/build-a-new-project.md,https://experienceleague.adobe.com/en/docs/analytics-platform/using/cja-workspace/workspace-projects/build-a-new-project,https://experienceleague.adobe.com/en/docs/analytics-platform/using/cja-workspace/workspace-projects/build-a-new-project,toc_slug_match,dead
,,,help/cja-main/analysis-workspace/workspace-projects/journey-analysis/journey-canvas-viz.md,https://experienceleague.adobe.com/en/docs/analytics-platform/using/cja-workspace/workspace-projects/journey-analysis/journey-canvas-viz,https://experienceleague.adobe.com/en/docs/analytics-platform/using/cja-workspace/workspace-projects/journey-analysis/journey-canvas-viz,toc_slug_match,dead
,,,help/cja-main/analysis-workspace/workspace-projects/workspace-commenting.md,https://experienceleague.adobe.com/en/docs/analytics-platform/using/cja-workspace/workspace-projects/workspace-commenting,https://experienceleague.adobe.com/en/docs/analytics-platform/using/cja-workspace/workspace-projects/workspace-commenting,toc_slug_match,dead
,,,help/cja-main/architecture/architecture-and-integrations-of-cja.md,https://experienceleague.adobe.com/en/docs/analytics-platform/using/architecture/architecture-and-integrations-of-cja,https://experienceleague.adobe.com/en/docs/analytics-platform/using/architecture/architecture-and-integrations-of-cja,toc_slug_match,dead
,,,help/cja-main/cja-basics/cja-b2b-overview.md,https://experienceleague.adobe.com/en/docs/analytics-platform/using/compare-aa-cja/cja-b2b-overview,https://experienceleague.adobe.com/en/docs/analytics-platform/using/compare-aa-cja/cja-b2b-overview,toc_slug_match,dead
,,,help/cja-main/cja-basics/customer-journey-analytics-landing-page.md,https://experienceleague.adobe.com/en/docs/analytics-platform/using/compare-aa-cja/customer-journey-analytics-landing-page,https://experienceleague.adobe.com/en/docs/analytics-platform/using/compare-aa-cja/customer-journey-analytics-landing-page,toc_slug_match,dead
,,,help/cja-main/cja-basics/new-terms-and-concepts-in-cja.md,https://experienceleague.adobe.com/en/docs/analytics-platform/using/compare-aa-cja/new-terms-and-concepts,https://experienceleague.adobe.com/en/docs/analytics-platform/using/compare-aa-cja/new-terms-and-concepts,toc_slug_match,dead
,,,help/cja-main/cja-basics/understanding-customer-journey-analytics.md,https://experienceleague.adobe.com/en/docs/analytics-platform/using/compare-aa-cja/understanding-customer-journey-analytics,https://experienceleague.adobe.com/en/docs/analytics-platform/using/compare-aa-cja/understanding-customer-journey-analytics,toc_slug_match,dead
,,,help/cja-main/cja-basics/use-ai-assistant.md,https://experienceleague.adobe.com/en/docs/analytics-platform/using/compare-aa-cja/use-ai-assistant,https://experienceleague.adobe.com/en/docs/analytics-platform/using/compare-aa-cja/use-ai-assistant,toc_slug_match,dead
,,,help/cja-main/cja-basics/what-is-customer-journey-analytics.md,https://experienceleague.adobe.com/en/docs/analytics-platform/using/compare-aa-cja/what-is-customer-journey-analytics,https://experienceleague.adobe.com/en/docs/analytics-platform/using/compare-aa-cja/what-is-customer-journey-analytics,toc_slug_match,dead
,,,help/cja-main/components/audiences/audience-publishing-for-cja.md,https://experienceleague.adobe.com/en/docs/analytics-platform/using/cja-components/audiences/audience-publishing-for-cja,https://experienceleague.adobe.com/en/docs/analytics-platform/using/cja-components/audiences/audience-publishing-for-cja,toc_slug_match,dead
,,,help/cja-main/components/calc-metrics/introduction-to-calculated-metrics-in-customer-journey-analytics.md,https://experienceleague.adobe.com/en/docs/analytics-platform/using/cja-components/calc-metrics/introduction-to-calculated-metrics,https://experienceleague.adobe.com/en/docs/analytics-platform/using/cja-components/calc-metrics/introduction-to-calculated-metrics,toc_slug_match,dead
,,,help/cja-main/components/calc-metrics/moving-your-calculated-metrics-from-adobe-analytics-to-customer-journey-analytics.md,https://experienceleague.adobe.com/en/docs/analytics-platform/using/cja-components/calc-metrics/moving-your-calculated-metrics-from-adobe-analytics-to-customer-journey-analytics,https://experienceleague.adobe.com/en/docs/analytics-platform/using/cja-components/calc-metrics/moving-your-calculated-metrics-from-adobe-analytics-to-customer-journey-analytics,toc_slug_match,dead
,,,help/cja-main/components/data-dictionary/use-data-dictionary.md,https://experienceleague.adobe.com/en/docs/analytics-platform/using/cja-components/data-dictionary/use-data-dictionary,https://experienceleague.adobe.com/en/docs/analytics-platform/using/cja-components/data-dictionary/use-data-dictionary,toc_slug_match,dead
,,,help/cja-main/components/dimensions/event-depth-in-cja.md,https://experienceleague.adobe.com/en/docs/analytics-platform/using/cja-components/dimensions/event-depth,https://experienceleague.adobe.com/en/docs/analytics-platform/using/cja-components/dimensions/event-depth,toc_slug_match,dead
,,,help/cja-main/components/filters/create-a-quick-filter.md,https://experienceleague.adobe.com/en/docs/analytics-platform/using/cja-components/filters/create-a-quick-filter,https://experienceleague.adobe.com/en/docs/analytics-platform/using/cja-components/filters/create-a-quick-filter,toc_slug_match,dead
,,,help/cja-main/components/filters/create-audiences-from-segments.md,https://experienceleague.adobe.com/en/docs/analytics-platform/using/cja-components/filters/create-audiences-from-segments,https://experienceleague.adobe.com/en/docs/analytics-platform/using/cja-components/filters/create-audiences-from-segments,toc_slug_match,dead
,,,help/cja-main/components/filters/creating-cross-channel-filters-in-customer-journey-analytics.md,https://experienceleague.adobe.com/en/docs/analytics-platform/using/cja-components/filters/creating-cross-channel-filters,https://experienceleague.adobe.com/en/docs/analytics-platform/using/cja-components/filters/creating-cross-channel-filters,toc_slug_match,dead
,,,help/cja-main/components/filters/introduction-to-filters-in-cja.md,https://experienceleague.adobe.com/en/docs/analytics-platform/using/cja-components/filters/introduction-to-filters,https://experienceleague.adobe.com/en/docs/analytics-platform/using/cja-components/filters/introduction-to-filters,toc_slug_match,dead
,,,help/cja-main/components/filters/moving-adobe-analytics-segments-to-customer-journey-analytics.md,https://experienceleague.adobe.com/en/docs/analytics-platform/using/cja-components/filters/moving-adobe-analytics-segments-to-customer-journey-analytics,https://experienceleague.adobe.com/en/docs/analytics-platform/using/cja-components/filters/moving-adobe-analytics-segments-to-customer-journey-analytics,toc_slug_match,dead
,,,help/cja-main/components/filters/use-filters-as-dimensions.md,https://experienceleague.adobe.com/en/docs/analytics-platform/using/cja-components/filters/use-filters-as-dimensions,https://experienceleague.adobe.com/en/docs/analytics-platform/using/cja-components/filters/use-filters-as-dimensions,toc_slug_match,dead
,,,help/cja-main/connections/add-past-data-to-an-existing-connection-in-cja.md,https://experienceleague.adobe.com/en/docs/analytics-platform/using/cja-connections/add-past-data-to-an-existing-connection,https://experienceleague.adobe.com/en/docs/analytics-platform/using/cja-connections/add-past-data-to-an-existing-connection,toc_slug_match,dead
,,,help/cja-main/connections/cja-connections-creation-and-edit-experience.md,https://experienceleague.adobe.com/en/docs/analytics-platform/using/cja-connections/cja-connections-creation-and-edit-experience,https://experienceleague.adobe.com/en/docs/analytics-platform/using/cja-connections/cja-connections-creation-and-edit-experience,toc_slug_match,dead
,,,help/cja-main/connections/cja-lookup-data.md,https://experienceleague.adobe.com/en/docs/analytics-platform/using/cja-connections/cja-lookup-data,https://experienceleague.adobe.com/en/docs/analytics-platform/using/cja-connections/cja-lookup-data,toc_slug_match,dead
,,,help/cja-main/connections/connecting-customer-journey-analytics-to-data-sources-in-platform.md,https://experienceleague.adobe.com/en/docs/analytics-platform/using/cja-connections/connecting-customer-journey-analytics-to-data-sources-in-platform,https://experienceleague.adobe.com/en/docs/analytics-platform/using/cja-connections/connecting-customer-journey-analytics-to-data-sources-in-platform,toc_slug_match,dead
,,,help/cja-main/connections/connections-details-experience-in-cja.md,https://experienceleague.adobe.com/en/docs/analytics-platform/using/cja-connections/connections-details-experience,https://experienceleague.adobe.com/en/docs/analytics-platform/using/cja-connections/connections-details-experience,toc_slug_match,dead
,,,help/cja-main/content-analytics/create-configuration.md,https://experienceleague.adobe.com/en/docs/analytics-platform/using/content-analytics/create-configuration,https://experienceleague.adobe.com/en/docs/analytics-platform/using/content-analytics/create-configuration,toc_slug_match,dead
,,,help/cja-main/content-analytics/edit-configuration.md,https://experienceleague.adobe.com/en/docs/analytics-platform/using/content-analytics/edit-configuration,https://experienceleague.adobe.com/en/docs/analytics-platform/using/content-analytics/edit-configuration,toc_slug_match,dead
,,,help/cja-main/content-analytics/how-it-works.md,https://experienceleague.adobe.com/en/docs/analytics-platform/using/content-analytics/how-it-works,https://experienceleague.adobe.com/en/docs/analytics-platform/using/content-analytics/how-it-works,toc_slug_match,dead
,,,help/cja-main/content-analytics/introduction-to-content-analytics.md,https://experienceleague.adobe.com/en/docs/analytics-platform/using/content-analytics/introduction-to-content-analytics,https://experienceleague.adobe.com/en/docs/analytics-platform/using/content-analytics/introduction-to-content-analytics,toc_slug_match,dead
,,,help/cja-main/content-analytics/reporting.md,https://experienceleague.adobe.com/en/docs/analytics-platform/using/content-analytics/reporting,https://experienceleague.adobe.com/en/docs/analytics-platform/using/content-analytics/reporting,toc_slug_match,dead
,,,help/cja-main/dashboards/assist-executives-to-access-mobile-scorecards.md,https://experienceleague.adobe.com/en/docs/analytics-platform/using/dashboards/assist-executives-to-access-mobile-scorecards,https://experienceleague.adobe.com/en/docs/analytics-platform/using/dashboards/assist-executives-to-access-mobile-scorecards,toc_slug_match,dead
,,,help/cja-main/dashboards/create-a-mobile-scorecard.md,https://experienceleague.adobe.com/en/docs/analytics-platform/using/dashboards/create-a-mobile-scorecard,https://experienceleague.adobe.com/en/docs/analytics-platform/using/dashboards/create-a-mobile-scorecard,toc_slug_match,dead
,,,help/cja-main/data-insights-agent/data-insights-agent-use-cases.md,https://experienceleague.adobe.com/en/docs/analytics-platform/using/data-insights-agent/data-insights-agent-use-cases,https://experienceleague.adobe.com/en/docs/analytics-platform/using/data-insights-agent/data-insights-agent-use-cases,toc_slug_match,dead
,,,help/cja-main/data-insights-agent/introduction-to-the-data-insights-agent.md,https://experienceleague.adobe.com/en/docs/analytics-platform/using/data-insights-agent/introduction-to-the-data-insights-agent,https://experienceleague.adobe.com/en/docs/analytics-platform/using/data-insights-agent/introduction-to-the-data-insights-agent,toc_slug_match,dead
,,,help/cja-main/data-insights-agent/use-the-data-insights-agent.md,https://experienceleague.adobe.com/en/docs/analytics-platform/using/data-insights-agent/use-the-data-insights-agent,https://experienceleague.adobe.com/en/docs/analytics-platform/using/data-insights-agent/use-the-data-insights-agent,toc_slug_match,dead
,,,help/cja-main/data-prep/ingest-and-use-analytics-classifications.md,https://experienceleague.adobe.com/en/docs/analytics-platform/using/data-prep/ingest-and-use-analytics-classifications,https://experienceleague.adobe.com/en/docs/analytics-platform/using/data-prep/ingest-and-use-analytics-classifications,toc_slug_match,dead
,,,help/cja-main/data-prep/ingest-map-and-transform-adobe-analytics-data.md,https://experienceleague.adobe.com/en/docs/analytics-platform/using/data-prep/ingest-map-and-transform-adobe-analytics-data,https://experienceleague.adobe.com/en/docs/analytics-platform/using/data-prep/ingest-map-and-transform-adobe-analytics-data,toc_slug_match,dead
,,,help/cja-main/data-prep/working-with-data-in-cja.md,https://experienceleague.adobe.com/en/docs/analytics-platform/using/data-prep/working-with-data,https://experienceleague.adobe.com/en/docs/analytics-platform/using/data-prep/working-with-data,toc_slug_match,dead
,,,help/cja-main/data-views/attribution-settings-in-data-views.md,https://experienceleague.adobe.com/en/docs/analytics-platform/using/cja-dataviews/attribution-settings-in-data-views,https://experienceleague.adobe.com/en/docs/analytics-platform/using/cja-dataviews/attribution-settings-in-data-views,toc_slug_match,dead
,,,help/cja-main/data-views/basic-configuration-for-data-views.md,https://experienceleague.adobe.com/en/docs/analytics-platform/using/cja-dataviews/basic-configuration-for-data-views,https://experienceleague.adobe.com/en/docs/analytics-platform/using/cja-dataviews/basic-configuration-for-data-views,toc_slug_match,dead
,,,help/cja-main/data-views/binding-dimensions-in-data-views.md,https://experienceleague.adobe.com/en/docs/analytics-platform/using/cja-dataviews/binding-dimensions-in-data-views,https://experienceleague.adobe.com/en/docs/analytics-platform/using/cja-dataviews/binding-dimensions-in-data-views,toc_slug_match,dead
,,,help/cja-main/data-views/component-type-settings-in-data-views.md,https://experienceleague.adobe.com/en/docs/analytics-platform/using/cja-dataviews/component-type-settings-in-data-views,https://experienceleague.adobe.com/en/docs/analytics-platform/using/cja-dataviews/component-type-settings-in-data-views,toc_slug_match,dead
,,,help/cja-main/data-views/configure-no-value-options-in-data-views.md,https://experienceleague.adobe.com/en/docs/analytics-platform/using/cja-dataviews/configure-no-value-options-in-data-views,https://experienceleague.adobe.com/en/docs/analytics-platform/using/cja-dataviews/configure-no-value-options-in-data-views,toc_slug_match,dead
,,,help/cja-main/data-views/configure-substring-component-settings.md,https://experienceleague.adobe.com/en/docs/analytics-platform/using/cja-dataviews/configure-substring-component-settings,https://experienceleague.adobe.com/en/docs/analytics-platform/using/cja-dataviews/configure-substring-component-settings,toc_slug_match,dead
,,,help/cja-main/data-views/configuring-component-settings-in-data-views.md,https://experienceleague.adobe.com/en/docs/analytics-platform/using/cja-dataviews/configuring-component-settings-in-data-views,https://experienceleague.adobe.com/en/docs/analytics-platform/using/cja-dataviews/configuring-component-settings-in-data-views,toc_slug_match,dead
,,,help/cja-main/data-views/create-summary-level-data-sources.md,https://experienceleague.adobe.com/en/docs/analytics-platform/using/cja-dataviews/create-summary-level-data-sources,https://experienceleague.adobe.com/en/docs/analytics-platform/using/cja-dataviews/create-summary-level-data-sources,toc_slug_match,dead
,,,help/cja-main/data-views/creating-value-buckets-in-data-views-for-analysis.md,https://experienceleague.adobe.com/en/docs/analytics-platform/using/cja-dataviews/creating-value-buckets-in-data-views-for-analysis,https://experienceleague.adobe.com/en/docs/analytics-platform/using/cja-dataviews/creating-value-buckets-in-data-views-for-analysis,toc_slug_match,dead
,,,help/cja-main/data-views/currency-conversion.md,https://experienceleague.adobe.com/en/docs/analytics-platform/using/cja-dataviews/currency-conversion,https://experienceleague.adobe.com/en/docs/analytics-platform/using/cja-dataviews/currency-conversion,toc_slug_match,dead
,,,help/cja-main/data-views/derived-fields/customize-event-depth-in-derived-fields.md,https://experienceleague.adobe.com/en/docs/analytics-platform/using/cja-dataviews/derived-fields/customize-event-depth-in-derived-fields,https://experienceleague.adobe.com/en/docs/analytics-platform/using/cja-dataviews/derived-fields/customize-event-depth-in-derived-fields,toc_slug_match,dead
,,,help/cja-main/data-views/derived-fields/derived-fields-in-cja.md,https://experienceleague.adobe.com/en/docs/analytics-platform/using/cja-dataviews/derived-fields,https://experienceleague.adobe.com/en/docs/analytics-platform/using/cja-dataviews/derived-fields,derived,live
,,,help/cja-main/data-views/derived-fields/use-date-math-to-calculate-time-between-events.md,https://experienceleague.adobe.com/en/docs/analytics-platform/using/cja-dataviews/derived-fields/use-date-math-to-calculate-time-between-events,https://experienceleague.adobe.com/en/docs/analytics-platform/using/cja-dataviews/derived-fields/use-date-math-to-calculate-time-between-events,toc_slug_match,dead
,,,help/cja-main/data-views/derived-fields/use-the-math-function-in-derived-fields.md,https://experienceleague.adobe.com/en/docs/analytics-platform/using/cja-dataviews/derived-fields/use-the-math-function-in-derived-fields,https://experienceleague.adobe.com/en/docs/analytics-platform/using/cja-dataviews/derived-fields/use-the-math-function-in-derived-fields,toc_slug_match,dead
,,,help/cja-main/data-views/derived-fields/use-the-next-previous-function-in-derived-fields.md,https://experienceleague.adobe.com/en/docs/analytics-platform/using/cja-dataviews/derived-fields/use-the-next-previous-function-in-derived-fields,https://experienceleague.adobe.com/en/docs/analytics-platform/using/cja-dataviews/derived-fields/use-the-next-previous-function-in-derived-fields,toc_slug_match,dead
,,,help/cja-main/data-views/derived-fields/use-typecasting-in-derived-fields.md,https://experienceleague.adobe.com/en/docs/analytics-platform/using/cja-dataviews/derived-fields/use-typecasting-in-derived-fields,https://experienceleague.adobe.com/en/docs/analytics-platform/using/cja-dataviews/derived-fields/use-typecasting-in-derived-fields,toc_slug_match,dead
,,,help/cja-main/data-views/formatting-metrics-in-data-views.md,https://experienceleague.adobe.com/en/docs/analytics-platform/using/cja-dataviews/formatting-metrics-in-data-views,https://experienceleague.adobe.com/en/docs/analytics-platform/using/cja-dataviews/formatting-metrics-in-data-views,toc_slug_match,dead
,,,help/cja-main/data-views/include-or-exclude-dimension-values-in-data-views.md,https://experienceleague.adobe.com/en/docs/analytics-platform/using/cja-dataviews/include-or-exclude-dimension-values-in-data-views,https://experienceleague.adobe.com/en/docs/analytics-platform/using/cja-dataviews/include-or-exclude-dimension-values-in-data-views,toc_slug_match,dead
,,,help/cja-main/data-views/include-or-exclude-metric-values-in-data-views.md,https://experienceleague.adobe.com/en/docs/analytics-platform/using/cja-dataviews/include-or-exclude-metric-values-in-data-views,https://experienceleague.adobe.com/en/docs/analytics-platform/using/cja-dataviews/include-or-exclude-metric-values-in-data-views,toc_slug_match,dead
,,,help/cja-main/data-views/overview-of-configuring-data-views-for-cja.md,https://experienceleague.adobe.com/en/docs/analytics-platform/using/cja-dataviews/overview-of-configuring-data-views-for-cja,https://experienceleague.adobe.com/en/docs/analytics-platform/using/cja-dataviews/overview-of-configuring-data-views-for-cja,toc_slug_match,dead
,,,help/cja-main/experience-platform-integration/enhanced-reporting-for-adobe-journey-optimizer.md,https://experienceleague.adobe.com/en/docs/analytics-platform/using/experience-platform-integration/enhanced-reporting-for-adobe-journey-optimizer,https://experienceleague.adobe.com/en/docs/analytics-platform/using/experience-platform-integration/enhanced-reporting-for-adobe-journey-optimizer,toc_slug_match,dead
,,,help/cja-main/exporting/full-table-export.md,https://experienceleague.adobe.com/en/docs/analytics-platform/using/exporting/full-table-export,https://experienceleague.adobe.com/en/docs/analytics-platform/using/exporting/full-table-export,toc_slug_match,dead
,,,help/cja-main/exporting/report-builder/report-builder-for-customer-journey-analytics.md,https://experienceleague.adobe.com/en/docs/analytics-platform/using/exporting/report-builder/report-builder-for-customer-journey-analytics,https://experienceleague.adobe.com/en/docs/analytics-platform/using/exporting/report-builder/report-builder-for-customer-journey-analytics,toc_slug_match,dead
,,,help/cja-main/exporting/report-builder/schedule-cja-workbooks-using-report-builder.md,https://experienceleague.adobe.com/en/docs/analytics-platform/using/exporting/report-builder/schedule-cja-workbooks-using-report-builder,https://experienceleague.adobe.com/en/docs/analytics-platform/using/exporting/report-builder/schedule-cja-workbooks-using-report-builder,toc_slug_match,dead
,,,help/cja-main/guided-analysis/active-growth.md,https://experienceleague.adobe.com/en/docs/analytics-platform/using/guided-analysis/active-growth,https://experienceleague.adobe.com/en/docs/analytics-platform/using/guided-analysis/active-growth,derived,live
,,,help/cja-main/guided-analysis/conversion-trends.md,https://experienceleague.adobe.com/en/docs/analytics-platform/using/guided-analysis/conversion-trends,https://experienceleague.adobe.com/en/docs/analytics-platform/using/guided-analysis/conversion-trends,derived,live
,,,help/cja-main/guided-analysis/engagement.md,https://experienceleague.adobe.com/en/docs/analytics-platform/using/guided-analysis/engagement,https://experienceleague.adobe.com/en/docs/analytics-platform/using/guided-analysis/engagement,derived,live
,,,help/cja-main/guided-analysis/first-use-impact.md,https://experienceleague.adobe.com/en/docs/analytics-platform/using/guided-analysis/first-use-impact,https://experienceleague.adobe.com/en/docs/analytics-platform/using/guided-analysis/first-use-impact,derived,live
,,,help/cja-main/guided-analysis/frequency.md,https://experienceleague.adobe.com/en/docs/analytics-platform/using/guided-analysis/frequency,https://experienceleague.adobe.com/en/docs/analytics-platform/using/guided-analysis/frequency,derived,live
,,,help/cja-main/guided-analysis/funnel.md,https://experienceleague.adobe.com/en/docs/analytics-platform/using/guided-analysis/funnel,https://experienceleague.adobe.com/en/docs/analytics-platform/using/guided-analysis/funnel,derived,live
,,,help/cja-main/guided-analysis/guided-analysis-in-workspace.md,https://experienceleague.adobe.com/en/docs/analytics-platform/using/guided-analysis/overview,https://experienceleague.adobe.com/en/docs/analytics-platform/using/guided-analysis/overview,derived,live
,,,help/cja-main/guided-analysis/net-growth.md,https://experienceleague.adobe.com/en/docs/analytics-platform/using/guided-analysis/net-growth,https://experienceleague.adobe.com/en/docs/analytics-platform/using/guided-analysis/net-growth,derived,live
,,,help/cja-main/guided-analysis/release-impact.md,https://experienceleague.adobe.com/en/docs/analytics-platform/using/guided-analysis/release-impact,https://experienceleague.adobe.com/en/docs/analytics-platform/using/guided-analysis/release-impact,derived,live
,,,help/cja-main/guided-analysis/retention.md,https://experienceleague.adobe.com/en/docs/analytics-platform/using/guided-analysis/retention,https://experienceleague.adobe.com/en/docs/analytics-platform/using/guided-analysis/retention,derived,live
,,,help/cja-main/guided-analysis/timeline.md,https://experienceleague.adobe.com/en/docs/analytics-platform/using/guided-analysis/timeline,https://experienceleague.adobe.com/en/docs/analytics-platform/using/guided-analysis/timeline,derived,live
,,,help/cja-main/guided-analysis/trends.md,https://experienceleague.adobe.com/en/docs/analytics-platform/using/guided-analysis/trends,https://experienceleague.adobe.com/en/docs/analytics-platform/using/guided-analysis/trends,derived,live
,,,help/cja-main/overview.md,https://experienceleague.adobe.com/en/docs/analytics-platform/using/cja-workspace/home,https://experienceleague.adobe.com/en/docs/analytics-platform/using/cja-workspace/home,derived,live
,,,help/cja-main/permissions/set-up-permissions.md,https://experienceleague.adobe.com/en/docs/analytics-platform/using/cja-admin/set-up-permissions,https://experienceleague.adobe.com/en/docs/analytics-platform/using/cja-admin/set-up-permissions,toc_slug_match,dead
,,,help/cja-main/reporting-activity-manager/use-the-reporting-activity-manager.md,https://experienceleague.adobe.com/en/docs/analytics-platform/using/cja-admin/use-the-reporting-activity-manager,https://experienceleague.adobe.com/en/docs/analytics-platform/using/cja-admin/use-the-reporting-activity-manager,toc_slug_match,dead
,,,help/cja-main/use-cases/complex-data/object-arrays-in-cja.md,https://experienceleague.adobe.com/en/docs/analytics-platform/using/cja-usecases/complex-data/object-arrays,https://experienceleague.adobe.com/en/docs/analytics-platform/using/cja-usecases/complex-data/object-arrays,derived,live
,,,help/cja-main/use-cases/data-views-use-cases/first-time-and-returning-sessions.md,https://experienceleague.adobe.com/en/docs/analytics-platform/using/cja-usecases/data-views-use-cases/first-time-and-returning-sessions,https://experienceleague.adobe.com/en/docs/analytics-platform/using/cja-usecases/data-views-use-cases/first-time-and-returning-sessions,toc_slug_match,dead
,,,help/cja-main/use-cases/data-views-use-cases/leverage-date-field-support.md,https://experienceleague.adobe.com/en/docs/analytics-platform/using/cja-usecases/data-views-use-cases/leverage-date-field-support,https://experienceleague.adobe.com/en/docs/analytics-platform/using/cja-usecases/data-views-use-cases/leverage-date-field-support,toc_slug_match,dead
,,,help/cja-main/visitor-id/configure-missing-person-id.md,https://experienceleague.adobe.com/en/docs/analytics-platform/using/visitor-id/configure-missing-person-id,https://experienceleague.adobe.com/en/docs/analytics-platform/using/visitor-id/configure-missing-person-id,toc_slug_match,dead
,,,help/cja-main/visitor-id/graph-based-stitching-overview.md,https://experienceleague.adobe.com/en/docs/analytics-platform/using/visitor-id/graph-based-stitching-overview,https://experienceleague.adobe.com/en/docs/analytics-platform/using/visitor-id/graph-based-stitching-overview,toc_slug_match,dead
,,,help/cja-main/visitor-id/overview-of-stitching.md,https://experienceleague.adobe.com/en/docs/analytics-platform/using/visitor-id/overview-of-stitching,https://experienceleague.adobe.com/en/docs/analytics-platform/using/visitor-id/overview-of-stitching,toc_slug_match,dead
,,,help/cja-main/visitor-id/understanding-how-customer-journey-analytics-uses-identity.md,https://experienceleague.adobe.com/en/docs/analytics-platform/using/visitor-id/understanding-how-customer-journey-analytics-uses-identity,https://experienceleague.adobe.com/en/docs/analytics-platform/using/visitor-id/understanding-how-customer-journey-analytics-uses-identity,toc_slug_match,dead
,,,help/video-clips/TOC.md,,,unmapped,unmapped
,,,help/video-clips/summit/2025/algorithmic-attribution-a-game-changer-for-marketers.md,,,unmapped,unmapped
,,,help/video-clips/summit/2025/analytics-easy-mode-simplifying-workspace-for-all-users.md,,,unmapped,unmapped
,,,help/video-clips/summit/2025/anomaly-detection-in-customer-journey-analytics.md,https://experienceleague.adobe.com/en/docs/analytics-platform/using/cja-workspace/anomaly-detection/anomaly-detection,https://experienceleague.adobe.com/en/docs/analytics-platform/using/cja-workspace/anomaly-detection/anomaly-detection,derived,live
,,,help/video-clips/summit/2025/audience-agent-proactive-audience-health-monitoring.md,,,unmapped,unmapped
,,,help/video-clips/summit/2025/best-practices-for-data-modeling-and-identity-in-adobe-experience-platform.md,,,unmapped,unmapped
,,,help/video-clips/summit/2025/best-practices-for-implementing-customer-journey-analytics.md,,,unmapped,unmapped
,,,help/video-clips/summit/2025/breaking-data-limits-with-summary-data-sources.md,,,unmapped,unmapped
,,,help/video-clips/summit/2025/content-analytics-ai-powered-insights-for-creative-assets.md,,,unmapped,unmapped
,,,help/video-clips/summit/2025/data-as-a-product-planning-your-cja-implementation.md,,,unmapped,unmapped
,,,help/video-clips/summit/2025/data-insights-agent-empowering-self-service-analytics.md,,,unmapped,unmapped
,,,help/video-clips/summit/2025/derived-fields-user-state-change-metrics.md,,,unmapped,unmapped
,,,help/video-clips/summit/2025/gamifying-workspace-unlock-achievements-in-customer-journey-analytics.md,,,unmapped,unmapped
,,,help/video-clips/summit/2025/graph-based-stitching-for-customer-journey-analytics.md,,,unmapped,unmapped
,,,help/video-clips/summit/2025/how-ai-assistant-transforms-data-insights-in-adobe-experience-platform.md,,,unmapped,unmapped
,,,help/video-clips/summit/2025/how-genai-enhances-customer-journey-analytics.md,,,unmapped,unmapped
,,,help/video-clips/summit/2025/identity-stitching-in-customer-journey-analytics.md,,,unmapped,unmapped
,,,help/video-clips/summit/2025/implementation-best-practices-for-customer-journey-analytics.md,,,unmapped,unmapped
,,,help/video-clips/summit/2025/in-line-derived-fields-real-time-data-transformation-in-cja.md,,,unmapped,unmapped
,,,help/video-clips/summit/2025/introducing-adobe-s-agent-orchestrator-the-next-era-of-genai-innovation.md,,,unmapped,unmapped
,,,help/video-clips/summit/2025/journey-canvas-visualizing-complex-funnels.md,,,unmapped,unmapped
,,,help/video-clips/summit/2025/run-and-operate-strategies-for-scaling-adobe-implementations.md,,,unmapped,unmapped
,,,help/video-clips/summit/2025/the-strategic-imperative-of-customer-analytics.md,,,unmapped,unmapped
,,,help/video-clips/summit/2025/three-types-of-cja-implementation-projects.md,,,unmapped,unmapped
,,,help/video-clips/summit/2025/understanding-customer-journey-analytics-as-your-dream-home.md,,,unmapped,unmapped
,,,license.md,,,unmapped,unmapped
